,Name,lat,lon
0,Prem de Bokato,-33.430917,-70.60618749999999
1,Caleuche,-33.4316822,-70.6092993
2,Los Maestros,-33.4264797,-70.6090524
3,Don Bono Coffee & Bakery,-33.4261968,-70.60376110000001
6,Restaurant Jin Ying,-33.4311677,-70.60964749999999
9,The Food Garage,-33.4343666,-70.60887990000001
13,Pasteleria Francesa,-33.437253,-70.606526
16,Palo Alto Restaurant,-33.4382808,-70.60794059999999
17,Tu Cevichazo,-33.4383354,-70.6082954
18,Mar de Viña,-33.4385477,-70.6062786
19,Hemingway RestoBar,-33.4385828,-70.6083922
20,Nuevo Chino,-33.4381227,-70.6071422
21,El Perro Caliente,-33.4386104,-70.6086021
22,Long Cheung,-33.4383168,-70.6085167
26,La Hacienda Gaucha,-33.4387109,-70.6083537
27,Aleman Experto,-33.4382529,-70.6077062
41,Sushi Japón Ya,-33.4425412,-70.60690169999999
43,Pizza Hut,-33.4400757,-70.60684309999999
46,Sushi Nikkei,-33.442447,-70.60675599999999
48,Poke Si Providencia,-33.442496,-70.60674
52,Pan Y Oliva,-33.445691,-70.60742499999999
53,Ostras Chonchi,-33.4457655,-70.6059458
54,El Emir,-33.44540320000001,-70.6027167
57,Kimura Sushi Delivery,-33.4451637,-70.6063843
58,Hua Xing Restaurant,-33.4458028,-70.6057917
61,Farina Empanadas,-33.4455706,-70.60610919999999
64,Rocoto Comida Peruana a Domicilio,-33.4462794,-70.6061751
67,Casa Conejo,-33.4481321,-70.6059954
68,Restaurante Hermano,-33.4462083,-70.6061821
69,Fuente La Criolla,-33.446256,-70.60619799999999
70,Liguria Luis Thayer Ojeda,-33.4182352,-70.60275179999999
71,Boa Restorán,-33.4169162,-70.60438789999999
72,Jakava,-33.41734,-70.60256099999999
73,Tofu Gourmet,-33.4179381,-70.60343689999999
74,Barrocko,-33.417653,-70.6032553
75,Krishna Lila,-33.4182362,-70.60389119999999
76,Bariloche Restaurant,-33.4170772,-70.6042964
77,Signore,-33.4169086,-70.6044922
78,Buffalo Waffles,-33.4186161,-70.60443289999999
79,Mexa,-33.4166556,-70.60426389999999
80,H55,-33.4198686,-70.6041659
81,Traviata,-33.4189765,-70.60345239999999
82,Fuente Holanda,-33.4187,-70.60369399999999
83,Bom-Bom Restaurant,-33.4181167,-70.60384359999999
84,Restaurant comida china xinxin,-33.4190245,-70.6035687
85,Quotidien Bistro,-33.4156379,-70.6038961
86,Too Much Providencia,-33.419038,-70.60335859999999
87,LAI THAI® • Holanda,-33.4186058,-70.6043961
88,Hard Rock Cafe,-33.4170009,-70.60633899999999
89,Rishtedar,-33.4207115,-70.6034241
90,Elkika Ilmenau,-33.4187074,-70.6014879
91,Subway Tobalaba,-33.4179162,-70.60238389999999
92,Fritkot Fries,-33.4186698,-70.6043621
93,Tanta,-33.4171366,-70.60619249999999
94,Pollo Chang,-33.4191856,-70.60346849999999
95,Pizza Napoli Holanda,-33.417784,-70.6049163
96,Johnny Rockets,-33.4181902,-70.60613479999999
97,Niu Sushi,-33.4194189,-70.60091880000002
98,"Danés, Bar & Restaurante",-33.4196573,-70.5999992
99,Costamía Restaurante Aquarium,-33.4169278,-70.60668059999999
100,Too Much Sushi,-33.41904050000001,-70.60332819999999
101,Restaurante Mamut,-33.4193305,-70.60135409999999
102,Estilo Milá,-33.4175194,-70.6060959
103,AREPAS Tienda y Restaurante de Especialidades de Venezuela,-33.4196556,-70.6026481
104,Punto Rico,-33.4162344,-70.60550789999999
105,Mikata,-33.4183116,-70.6002146
106,HolyBar,-33.4196556,-70.6026481
107,Curry & Kabab Indian Restaurant,-33.4193889,-70.6074861
108,Como En Casa,-33.4188632,-70.6039844
109,Brasserie Providence,-33.4192213,-70.60707440000002
110,Tip y Tap,-33.4171338,-70.6059824
111,Restaurant Chino Morning Star,-33.4188438,-70.6035964
112,Restaurante Long Wei,-33.4212073,-70.6052655
113,Wendy's,-33.4163322,-70.6041565
114,Crepes & Waffles,-33.4177376,-70.60733499999999
115,Doble Queso,-33.4203125,-70.6055721
116,Barroco,-33.4186575,-70.60321689999999
117,VegeChef • Lto,-33.41782750000001,-70.6035081
118,Gastronomica Liguria Ltda.,-33.4187217,-70.6027138
119,Las cabras,-33.4187594,-70.6051964
120,Santino Cafeteria,-33.4189339,-70.6012559
121,Dominó,-33.4189199,-70.6012214
122,Primal Foods,-33.4190575,-70.6070139
123,Madam Tusan,-33.4172222,-70.6058333
124,Pizza Napoli Restaurat,-33.41652930000001,-70.6056298
125,Restaurante Kika,-33.4190216,-70.60140989999999
126,Los Canallas,-33.4198686,-70.6041659
129,Pikada Pizzas y Empanadas,-33.4206706,-70.6034543
137,Holanda 100,-33.42,-70.6033333
139,Biwon,-33.4222925,-70.60540519999999
143,MoHa Shawarma Libanés + Café Arabe,-33.4217207,-70.6057689
153,Magno Restorán,-33.4199509,-70.60391849999999
155,"BEPPO Bistró, Café",-33.42217979999999,-70.6010417
159,holybao,-33.4196455,-70.60276449999999
160,I Pranzo,-33.4194769,-70.60276449999999
164,Get the Wok,-33.4201606,-70.605693
170,La Toto,-33.4209442,-70.60670569999999
175,Subway,-33.4199968,-70.6056471
176,Vurger Joint,-33.4198585,-70.60724800000001
178,Donut Corp.,-33.4189931,-70.60746739999999
179,Bum,-33.41910500000001,-70.6037948
180,TPM BAR Hernando de Aguirre,-33.4195796,-70.6010014
184,Pastas Nenetta Chile,-33.4216944,-70.6053829
185,Biwon (Hotel Stanford),-33.4222833,-70.60518669999999
201,SUSHI GREEN PROVIDENCIA,-33.422414,-70.60734909999999
208,La Picada de Marchelo,-33.4300191,-70.602767
214,Sushi Lu,-33.4371782,-70.6007587
219,Calabrese,-33.4372258,-70.60048789999999
231,El esquinazo,-33.444686,-70.6012484
239,La Piccata,-33.4461232,-70.600897
248,Thai Express,-33.4190972,-70.6006682
254,La Fuente Austral,-33.4171547,-70.6020784
257,McDonald's,-33.4185633,-70.6015503
258,Hook’s Fish & Chips,-33.4179002,-70.59977619999999
261,Santorini Restaurant,-33.4165492,-70.5991032
264,Fuente Mardoqueo,-33.4156621,-70.6006752
265,Restaurant Nuria,-33.4174131,-70.59862869999999
268,Yuju Sushi - Gira Sushi - Sushi Bar,-33.4187136,-70.59987269999999
271,Restaurant Domenica,-33.42078,-70.59845900000001
272,Mamut,-33.4168453,-70.59822249999999
276,Ukuku,-33.4209407,-70.5982405
291,El Festín,-33.418816,-70.602588
311,El Crutón,-33.4191952,-70.59814609999999
313,Papa John's El Bosque,-33.4196959,-70.6000859
342,NUTRIMENTO S.A,-33.42217979999999,-70.6010421
348,Restaurant Oriental,-33.436389,-70.598906
349,Sabores del Ají Seco,-33.4368525,-70.60009149999999
352,Romaní restaurante & pizzería,-33.4286384,-70.625967
353,Oro y Carbón Pizzería Artesanal,-33.4283253,-70.6251901
354,El Árbol Restaurant,-33.4315819,-70.6229192
355,RESTAURANT47RONIN,-33.4319098,-70.6238822
356,Jimbo's Australian Food,-33.4286844,-70.62576419999999
357,Zaatar Santiago,-33.4292185,-70.6283655
358,Juan y Medio,-33.4323213,-70.6240959
359,El Buen Sabor,-33.4301486,-70.62284029999999
360,Subway Huelén,-33.4312526,-70.62346389999999
361,Felipe Didier,-33.4284503,-70.62599639999999
362,Café de Lupita,-33.4282473,-70.62533739999999
363,Restaurant Lian Sing,-33.4290936,-70.62596019999999
364,Hornitos De Bellavista,-33.4286123,-70.6255512
365,Rey Toro,-33.430192,-70.62198699999999
366,Restaurant Peru Nuevo Milenio,-33.4309066,-70.6275576
367,Tendo Retro Bar,-33.4310056,-70.62210879999999
371,Arcano,-33.4337856,-70.6249957
372,Bon Café Restaurant,-33.434731,-70.627464
373,AFK Restobar,-33.4350367,-70.6275814
374,Bravo 951,-33.4338939,-70.6220309
376,Wahari Grill,-33.4353589,-70.627494
378,Bella calabria,-33.4352579,-70.62741670000001
379,El Zocalo Cocina Mexicana,-33.43526560000001,-70.6274356
383,Real Madrid,-33.433956,-70.6264936
392,Le Coin,-33.4348914,-70.6276867
393,Bar Restaurant Duo,-33.4348886,-70.6277233
394,Club 107,-33.4339766,-70.62501229999999
395,Cumbres Porteñas,-33.4350609,-70.6273762
405,Pizzeria Latinoamericana,-33.4398194,-70.6251056
406,Restaurante Lili Marleen,-33.4399947,-70.62281659999999
407,Cocina Brava,-33.4406586,-70.6278686
409,RunAway Sushi,-33.4396913,-70.625186
410,Parrilladas la Uruguaya,-33.4400533,-70.6271428
411,King's Cross Restaurant,-33.440375,-70.6226059
412,Rice & Roll Providencia,-33.440285,-70.62769449999999
417,Saint Germain,-33.4403503,-70.627349
418,la martina,-33.4384351,-70.6290015
423,Casaluz Restaurant,-33.4421844,-70.62645719999999
425,Matilda restaurante,-33.4416367,-70.6261214
428,Verde Sazón,-33.4426348,-70.626299
429,El Fogón de Momo,-33.4423333,-70.6270823
430,Kabecafé,-33.4414557,-70.62641499999999
431,Casa Oriental,-33.4415982,-70.6262866
433,Bushido Sushi Bar,-33.4421156,-70.6273832
434,Entre Tenedores,-33.4401505,-70.62722549999999
435,Eccolo Qua,-33.4408729,-70.6277851
436,Rincón de la Chaquito,-33.442312,-70.6281029
437,Restaurant Peruano,-33.4409502,-70.6245643
438,Sazón Perú,-33.4415278,-70.62554829999999
447,Ruca Bar,-33.4428215,-70.6268616
455,Pizzeria La Argentina,-33.4439959,-70.6257399
457,El Camino BBQ,-33.4441288,-70.62544369999999
461,Mi Piace Gourmet,-33.4415957,-70.62606959999999
462,El Pollo Bakan,-33.44159399999999,-70.62426099999999
463,"Tatsu, Sushi and Fusion Cuisine",-33.443738,-70.62329769999999
464,Sazón Perú,-33.4422187,-70.6273891
465,Latorre Pizza - Providence,-33.441801,-70.6268441
467,Malevo,-33.4423028,-70.6271082
468,Wings & Rings,-33.4439172,-70.62634989999999
472,Cocuy Restaurant,-33.4451525,-70.625316
479,Caribe Bar Restaurant,-33.4456565,-70.6249576
480,Sapiens. Comida Saludable.,-33.44568690000001,-70.6252011
482,Ciudadano Restaurant,-33.4461323,-70.6285693
484,Mistura Del Perú,-33.4459479,-70.62451369999999
485,Arvoleda,-33.445834,-70.624325
486,Ostras Azócar Suecia 428,-33.4406343,-70.62781819999999
496,Fábrica de Pizza,-33.445701,-70.62633
497,Costumbres Argentinas,-33.4453886,-70.62643980000001
498,Le Gate Vegan,-33.4469312,-70.6242149
499,Swad,-33.446607,-70.6251324
501,Cacao Crepes,-33.4472972,-70.6246668
502,In Pasta,-33.4466506,-70.62623309999999
503,Bar Badalu,-33.4461416,-70.625086
507,Lusitano,-33.4476546,-70.6254471
509,De Oriente Shawarma,-33.4468345,-70.6248349
510,Comida India Råm Sålaam,-33.4463962,-70.6255639
511,Coteto Restaurant - Ex Hoyo,-33.4462758,-70.6267368
512,Roberta,-33.4468278,-70.6260633
514,All Rice,-33.4469344,-70.6240143
515,Pollería El Sabrosón,-33.4462515,-70.6247584
516,Barracuda,-33.4459247,-70.6242766
517,Violeta Restaurant,-33.4479909,-70.62446439999999
518,Mariachi Loco,-33.4468672,-70.62421670000001
519,Chamos Bistro,-33.4469144,-70.624025
520,El Rey de la Paella,-33.4467938,-70.62432059999999
521,Hotel Maison Italia 1029,-33.4441938,-70.62591159999999
523,Stilo pizzas,-33.4460936,-70.62512079999999
524,Picoteo Bistro,-33.4458827,-70.6242153
527,La Tegualda,-33.447709,-70.62325179999999
536,Bar Italia,-33.4476264,-70.62485629999999
545,Los Artesanos Delivery,-33.4487991,-70.6267309
548,Bar la candelaria,-33.4481513,-70.62533630000001
552,Silvestre,-33.4482469,-70.6234022
553,Restaurant Sr Zapata,-33.448644,-70.6261069
555,Restaurant CAPPERI,-33.4479747,-70.62482949999999
556,Shakti en Chile,-33.44886,-70.62420519999999
557,El Merendero Venezolano,-33.4487667,-70.62333199999999
558,Llámame Charly´s,-33.4487938,-70.6267003
559,KIWICHA Cocina basada en plantas,-33.4486835,-70.62827109999999
561,Comedy,-33.448986,-70.627861
563,Canvas Cafe,-33.44868,-70.62826769999999
567,Mashawi,-33.4489978,-70.6245428
569,rocoto,-33.4466404,-70.6263854
570,Los Panas,-33.4488641,-70.62447470000001
571,Trabajo amor,-33.4478549,-70.6247805
572,Menta & Romero,-33.4466275,-70.6249066
573,Lazy Vegan,-33.4494097,-70.6249644
574,Vegan Bunker,-33.4476154,-70.6232574
575,Café Survenir,-33.4482329,-70.6247494
576,Torano Restoran,-33.446974,-70.625985
578,Rubik Restobar,-33.4473456,-70.6285836
579,Comida Venezolana,-33.4462151,-70.62443039999999
580,One Pizza & Beer,-33.4499173,-70.62514969999999
581,1289 Bar & Restaurant,-33.4466739,-70.62608039999999
582,Tio Manolo,-33.4466976,-70.6279558
583,IL Montrone,-33.4457292,-70.6262955
584,Restaurant Xin Fung,-33.4467108,-70.62861909999999
598,Foodie Pizza,-33.4499673,-70.624157
601,Isabella Pizzas Ricas,-33.44858809999999,-70.6267265
602,Benditopaladar Fabrica De Pastas Artesanales,-33.4485651,-70.6256528
605,Vedrá Restaurante,-33.4503056,-70.6250237
614,Fuente Las Mechadas,-33.4497316,-70.6254733
618,El Gusto Peruano,-33.4504916,-70.6240844
619,Stilo restaurante,-33.4489978,-70.6245428
624,Ristorante y Trattoria Da Noi,-33.450798,-70.62395479999999
625,Pepikam Comida tradicional criolla,-33.4507782,-70.6241496
626,Santa Bohemia,-33.4482995,-70.62470039999999
627,Las Mechadas,-33.4497022,-70.6254553
631,WAOH! Q'Pizza,-33.4487991,-70.6267309
635,Restaurant vegano,-33.4476145,-70.62323499999999
636,gusto peruano,-33.4505224,-70.62405
640,Usuba Sushi,-33.4489719,-70.62668290000001
642,Bar Bulnes Santiago,-33.448497,-70.624347
644,Vista Santiago Restaurante,-33.41481720000001,-70.6213396
645,Subway Santa María,-33.422784,-70.62143399999999
646,Mentally,-33.4229052,-70.62145629999999
647,Suteki,-33.423018,-70.6219337
651,La Cuisine,-33.4264507,-70.6200714
655,Sweetfran Tienda,-33.4277778,-70.62111109999999
656,VegeChef Montt,-33.4278371,-70.6201226
658,Casa Garla,-33.426755,-70.6194854
660,Restaurant Chen Chen,-33.4269306,-70.619666
666,Normandie Restaurant,-33.429051,-70.620947
668,La Buena Mesa,-33.4285889,-70.6203685
670,Central Pizza Estación Manuel Montt,-33.42916,-70.62128389999999
671,Fork Manuel Montt,-33.4287446,-70.6204692
673,Soho Cafe,-33.4280758,-70.6207723
676,Vainilla Coffee,-33.4294547,-70.622552
683,FoodGol,-33.4298203,-70.6220256
688,Hafu Sushi & Beer,-33.4308637,-70.6215744
696,La Tegualda Sangucheria,-33.4307352,-70.6225858
699,Cafetería Sathiri,-33.4308664,-70.62227949999999
700,Mimisushi,-33.4310056,-70.62210879999999
710,Puerto Pirata,-33.4312312,-70.62223039999999
713,La Plaza,-33.4316098,-70.6235294
716,Restaurant Monic,-33.4304316,-70.62187609999999
717,Los Primos,-33.4306162,-70.62266369999999
718,El Búfalo Restaurant,-33.4299695,-70.6221937
719,Restaurant Jorge E. Diaz Montero E.I.R.L.,-33.4299706,-70.6221896
722,The Shamrock Bar & Restaurant,-33.4297681,-70.62270239999999
725,La gloria Sangucheria peruana,-33.4288659,-70.61995329999999
731,La Antojería,-33.4339129,-70.6205832
732,Restaurant Tel Ford,-33.4325944,-70.6236255
739,Restaurante Morroqui,-33.4322684,-70.62250589999999
742,Restaurante Bravo,-33.4338939,-70.6220309
750,Oreja de Palo,-33.4357794,-70.6205332
752,Restaurante El cruce,-33.4361603,-70.6224294
754,Ostras Calbuco,-33.43897949999999,-70.62009370000001
758,Danny´s New York Style Pizza,-33.4396102,-70.6206586
763,Restaurant He Hin,-33.4402054,-70.62123029999999
764,Subway Rancagua,-33.439505,-70.62277259999999
765,Puerto Calbuco,-33.4402294,-70.62104859999999
769,Rincon Venezolano en Chile,-33.4400752,-70.6206912
778,Bar La Providencia,-33.4400607,-70.62060079999999
784,Cam Xiong Restaurant,-33.4402808,-70.6211363
785,OKANE - SAKIN SUSHI,-33.4394889,-70.6209642
825,Gud Land,-33.4437495,-70.6232942
842,La Sopería,-33.447349,-70.6241435
876,Gao Ming,-33.4461616,-70.62440359999999
890,The Chilean,-33.4479921,-70.6245766
913,KOYA SUSHI,-33.4474965,-70.6225391
925,El Ancla Providencia,-33.4260094,-70.6186586
926,Chicken International Restaurant,-33.4257806,-70.61869280000001
931,El Garaje de la Chanchita,-33.427229,-70.6192233
932,Pachakama,-33.4270337,-70.618685
936,Cairo Cocina,-33.4273622,-70.6190027
937,El Fogón de Providencia,-33.426179,-70.620092
939,La Bodeguita de Fernando,-33.4283263,-70.6183645
941,Suburbia Restobar,-33.4269311,-70.6187936
942,Unimo,-33.4259351,-70.6209539
944,Bendito Restaurante,-33.42785,-70.6193531
949,Liguria,-33.42849959999999,-70.6191305
959,Niu Sushi,-33.4293221,-70.6189377
960,Sierra Restaurante,-33.4289124,-70.6173902
961,Hocha,-33.4290733,-70.61884449999999
966,Restaurant La Esquina,-33.428083,-70.6212573
967,le fournil,-33.4290002,-70.61950299999999
972,Gopal,-33.4281193,-70.62009209999999
973,La Mechada Nacional,-33.4288183,-70.619218
974,Mercado de Providencia,-33.4258761,-70.6184839
975,Papa Johns Pizza,-33.4285689,-70.6189258
986,Restaurant Meze,-33.4310037,-70.6187616
987,Restaurant Royal,-33.4305892,-70.6190788
991,Domino's Pizza,-33.4291455,-70.62027019999999
992,Domani - Pizzeria & Bar,-33.4310108,-70.6184495
996,Santiago Shawarma,-33.4304422,-70.61922559999999
1002,Martuca | Fuente de Soda,-33.4310957,-70.61871119999999
1003,Padthai,-33.4308241,-70.6191463
1009,Barandiaran,-33.4314599,-70.6187116
1012,TEPUY RESTOBAR,-33.4304979,-70.6193567
1014,Restaurant La Parrilla del Chef,-33.4306222,-70.61911449999999
1017,le pub 36 y medio centro de eventos,-33.4283834,-70.61835649999999
1021,Fiddlers Irish Bar,-33.4288329,-70.61966290000001
1023,Pacto,-33.4311212,-70.6186326
1026,Barbazul Manuel Montt,-33.4318581,-70.6180878
1028,Ramblas Bar,-33.4317627,-70.6182022
1030,Café Del Autor,-33.4315547,-70.61845149999999
1031,Subway,-33.4281069,-70.6181292
1045,Bavaria,-33.4299193,-70.61936039999999
1062,Santo Remedio,-33.4315936,-70.6215703
1063,La Gohaneria,-33.4309088,-70.62168339999999
1076,Maskepan,-33.4319822,-70.6180822
1079,La Morocha. Sanguchería Peruana,-33.432367,-70.61787
1081,Telepizza Providencia,-33.430195,-70.62216599999999
1102,Sabores De Hogar Restaurant,-33.4320325,-70.6204477
1133,Restaurant LiRi (Li&Ri),-33.4401392,-70.6195867
1134,Somos Perú Buffet,-33.4398393,-70.6193344
1139,Los Tesoros del Inca,-33.4400049,-70.61929239999999
1146,"Comida Árabe ""Rincón Paisano""",-33.4396573,-70.6204793
1151,Donde Landeo,-33.4406738,-70.62081140000001
1159,La oficina,-33.4404087,-70.6213655
1161,La Pequeña Habana,-33.4404117,-70.6208546
1176,Café Palermo,-33.4440191,-70.61965649999999
1183,Nikkey Sushi,-33.4451419,-70.61928
1187,Mistura Del Perú,-33.4447768,-70.6194622
1222,Divertimento Chileno,-33.4145645,-70.6167514
1227,Carrousel,-33.4196079,-70.6162573
1231,Aquí Está Coco,-33.4241967,-70.6167648
1237,Ensaladería Holm,-33.4254983,-70.6164442
1239,Donde Guido,-33.4249649,-70.61569969999999
1240,SanGuCadoS,-33.425106,-70.6154861
1261,Papelón Sabroso,-33.4271889,-70.6155334
1262,Restaurant Il Bosco,-33.4252399,-70.6185115
1263,Zomato Chile HQ,-33.4238868,-70.6163277
1265,Restaurante Lu Yin,-33.4273799,-70.6154391
1266,Season’s Resto bar,-33.4238054,-70.6164699
1267,IN HOUSE GOURMET,-33.4258464,-70.6189016
1273,Insert Coin Bar - Providencia,-33.4273262,-70.61799619999999
1290,Bravissimo,-33.4279785,-70.6187362
1292,Aji Amarillo,-33.4288316,-70.61723309999999
1294,Schopdog,-33.4281091,-70.61905969999999
1297,Restaurante y Bar Jose Farina Manetti E.I.R.L.,-33.4274198,-70.6180126
1299,El Yaque,-33.4270752,-70.6183523
1302,Papipollo,-33.4276936,-70.6168706
1308,Empanadas Tinita,-33.4265645,-70.6170741
1309,Shawarmas - Hamule Cocina y Tradición,-33.4281221,-70.6189789
1310,Don' Di Chelo,-33.4261524,-70.6185917
1311,Apetito,-33.4281221,-70.6189789
1314,Shawarma,-33.427957,-70.61847809999999
1315,Mitani Ramen,-33.427828,-70.6186792
1316,Newen,-33.4277012,-70.6196339
1318,Ato Sushi,-33.4278209,-70.6168038
1327,DONY DONER,-33.4280501,-70.6180636
1359,CHACHAN,-33.4311435,-70.61578589999999
1365,Restaurant bavaria Santiago providencia,-33.4296443,-70.61955619999999
1377,Maskepan Av. Providencia,-33.4288565,-70.6180818
1406,La Mafia Pizzería,-33.43059,-70.61926699999999
1410,Sabe,-33.4302533,-70.6183161
1413,Tepuy,-33.43045840000001,-70.6190489
1416,Sliders Hamburguesas,-33.4317243,-70.6184081
1429,SUBWAY,-33.43232080000001,-70.6182417
1432,La Casona del Ajiseco,-33.4340695,-70.61681969999999
1434,Huascaran Restaurant,-33.4350524,-70.6170307
1435,Bar Porfirio,-33.4346039,-70.6168916
1437,La Yunta (Ex Capicúa),-33.4349707,-70.6163277
1440,Café Harry Potter,-33.4328933,-70.61745979999999
1442,Central China Express,-33.435122,-70.61664859999999
1444,Hand Roll,-33.4352675,-70.61624119999999
1450,Italia Mia Trattoria - Pizzeria,-33.4355644,-70.61905410000001
1451,Quimbayá Café,-33.4352063,-70.6194807
1453,Son Cuba,-33.434782,-70.61677299999999
1458,Jewel Of India,-33.437254,-70.6161336
1467,Eliodoro Terraza Networking,-33.4336203,-70.6200631
1470,Restaurante brasileiro Malandros,-33.437286,-70.615892
1474,Fuente Caburga,-33.4352482,-70.61630049999999
1485,Restaurant Pez de Oro,-33.4376099,-70.61575759999999
1490,Restaurant El Real,-33.4377732,-70.6157479
1499,Machu Picchu,-33.439236,-70.61630260000001
1508,Sushiland Express Limitada,-33.4397844,-70.6172122
1512,Little Caesars Pizza,-33.4391876,-70.6160342
1515,Picantería Chicha En Ají,-33.4401952,-70.6155297
1518,Sushi Pez de Oro,-33.4376114,-70.6157585
1543,Ostras Calbuco,-33.4400487,-70.620514
1563,Carrer Nou,-33.4455205,-70.6168304
1564,Rawdical Kitchen,-33.4453176,-70.61634169999999
1575,Comida China,-33.4450737,-70.6193351
1576,Santelmo,-33.4449004,-70.6191132
1577,Sushi Jama,-33.4451696,-70.6193377
1581,Restaurant San Remo,-33.448751,-70.61618299999999
1583,Trattoria della Piazza,-33.4494257,-70.61670169999999
1584,Mr. Qiu Restaurante Gastronimia China,-33.4497865,-70.6185198
1587,"Restaurant 2661, una nueva historia.",-33.4164962,-70.61283109999999
1589,Pasta Pazza,-33.4175904,-70.6137554
1593,Fuente Chilena - Local Pedro de Valdivia,-33.4222769,-70.61347789999999
1594,Tres cuartos,-33.4208691,-70.61605609999999
1596,"Cafetería Instituto Français, Chile",-33.4228179,-70.61434849999999
1599,Zafferano (Solace Hotel),-33.4238783,-70.61435519999999
1602,Lomit's,-33.4237167,-70.61300559999999
1611,Peter's Restaurant (Pizzas And Grill),-33.4241931,-70.616232
1618,Mister Fish Providencia,-33.4264117,-70.614499
1619,Tavelli,-33.4251135,-70.6155308
1633,Piero's restaurante,-33.4268191,-70.6149982
1639,restaurant imperioCHICHI,-33.4249941,-70.6166276
1643,Con Limón y Sal Gourmet,-33.4268363,-70.6149293
1644,Super Delicious,-33.4249729,-70.61519149999999
1647,Restaurant Donde Felipe,-33.4271841,-70.6151869
1648,Pasión Peruana Providencia,-33.4267582,-70.6145626
1649,Torii Sushi,-33.42456500000001,-70.6159332
1650,Bluebird Restaurant,-33.4264585,-70.6159114
1653,La Pocha,-33.4247253,-70.61613919999999
1654,Restaurante Rico Y Rapido,-33.426548,-70.61479969999999
1659,Bella China,-33.4273442,-70.6157295
1664,Papelón Sabroso,-33.4271899,-70.61553929999999
1666,Crudo Sin Censura,-33.4270204,-70.6153314
1671,Station Burger,-33.4263734,-70.6161918
1680,Sensei Sushi Providencia,-33.427631,-70.617002
1685,Restaurante KC,-33.4268056,-70.6155576
1689,M&G Restaurant,-33.4266173,-70.61605949999999
1695,Apiádate De Mi,-33.4273828,-70.61551489999999
1696,Kirtan,-33.426813,-70.6164162
1699,Restaurante KC Humbo,-33.4268435,-70.6154906
1703,La Plaza,-33.4280709,-70.6166654
1765,La Muzza Pizzeria,-33.4307957,-70.61644749999999
1766,Oshuru Nikkei,-33.4300754,-70.61675959999999
1799,Sushi Río,-33.432781,-70.61648799999999
1800,Fuente Caburgua,-33.4335597,-70.6156325
1804,Relativo,-33.4349916,-70.61722779999999
1814,Porfirioscl,-33.4346593,-70.61675169999999
1827,Señor Burger,-33.4364441,-70.6159631
1834,Banthai,-33.43519819999999,-70.61629499999999
1843,Restaurant Excelencia China,-33.4359712,-70.6164228
1846,Restaurante Sushi Bar Delivery Sanguchería Peruana Manuel Montt NIKKEI SUSHI JAMA,-33.4364441,-70.6159631
1847,Nikkei Sushi,-33.4364441,-70.6159631
1857,Restaurante Gusto Vietnam,-33.4394867,-70.6151878
1863,El Emblematico,-33.4391647,-70.6156136
1866,Restaurant Muqueca,-33.4408391,-70.6149327
1874,"Restaurant ""Las Delicias""",-33.4391941,-70.61415459999999
1876,Prontosandwich,-33.4402925,-70.61554219999999
1894,Romamor,-33.4394345,-70.6132988
1896,Guria,-33.4425796,-70.6149451
1897,Dami’s Restaurant,-33.4401952,-70.6155297
1906,Vaquita Sabrosa Manuel Montt,-33.4428845,-70.61460389999999
1911,Punto Sabroso,-33.44297,-70.6145916
1915,La Casa Vieja,-33.4428042,-70.6149463
1919,Del Beto Restaurant,-33.4445598,-70.614165
1922,The Raj,-33.4447673,-70.6144754
1924,AUTANA FOOD & DRINKS,-33.4446269,-70.6145638
1933,Piuke Cocina Vegana,-33.4431883,-70.61750649999999
1935,El Chalán,-33.4425,-70.6144444
1938,Emporio Caramaño,-33.4452622,-70.61825499999999
1942,Indian Box - Comida India,-33.4469701,-70.6145133
1948,El Gran Huascaran,-33.4478233,-70.6137799
1949,Kleinknecht E Hija,-33.4453873,-70.61698439999999
1951,Pasapalos Restobar,-33.4467154,-70.61379020000001
1963,Entre Tongoy y Los Vilos,-33.447856,-70.61654399999999
1966,Comida China Xin Yi Dai,-33.4480226,-70.6136484
1967,Empanaderia San Luis,-33.4485109,-70.613692
1968,Puerto Pizarro Restaurant,-33.4477873,-70.6137014
1980,Maniero,-33.4203674,-70.61086639999999
1981,Ladera Restaurant (Hotel Ladera),-33.4190941,-70.6148798
1983,99 Restaurante,-33.4214478,-70.6113739
1984,Le Flaubert,-33.4221115,-70.61286179999999
1985,POLEN JUGOS Y SOPAS,-33.4221546,-70.61185829999999
1986,El Huerto,-33.4228099,-70.6125473
1988,De la Ostia,-33.4225803,-70.61237299999999
1991,Restaurante Formentera,-33.4218292,-70.61255650000001
1992,La Bifería,-33.4228744,-70.61288449999999
1995,Los Insaciables Providencia,-33.42203,-70.6112
1996,California Cantina,-33.4225,-70.6119444
1998,Tea Connection,-33.4224582,-70.6132362
2003,Vapiano Pedro de Valdivia,-33.4234915,-70.6128411
2009,Perpetuo,-33.4232821,-70.6126345
2012,Libanazo,-33.4240153,-70.61158259999999
2014,Katako veg,-33.4239993,-70.6114661
2015,La Pizza Nostra,-33.4241055,-70.61281450000001
2016,Liguria,-33.4243958,-70.61237439999999
2019,Villa Real,-33.4228067,-70.6129346
2020,Maderos Bar&Resto,-33.4242587,-70.6116272
2021,La Mechada Nacional,-33.42314229999999,-70.6129263
2022,Tokio Wok&Bol Santiago,-33.4241888,-70.6124571
2023,Tung Fong Guardia Vieja Comida China,-33.423013,-70.6109826
2024,tommy beans,-33.42248500000001,-70.61419579999999
2025,Restaurant Vittamina Limitada,-33.42318789999999,-70.6115562
2026,Restaurante Pavo Real,-33.4237289,-70.6108862
2027,Lomo Luco Bar,-33.4234842,-70.6113218
2028,Noah Sushi,-33.4240471,-70.6120427
2049,Fuente Alemana,-33.425427,-70.61141069999999
2060,Garage 0276,-33.4256521,-70.61280289999999
2064,Mamut,-33.4242019,-70.61112969999999
2085,La Canela,-33.42616599999999,-70.61447179999999
2098,Autoservicios y Restaurantes,-33.4252019,-70.61520350000001
2100,Restaurant la aceituna,-33.4264147,-70.6145088
2101,Restaurant Azafran,-33.4280058,-70.61290769999999
2126,Hocha Barros Errázuriz,-33.4272341,-70.61326509999999
2132,Spatula,-33.42675330000001,-70.6150306
2133,Nueva Real,-33.4268609,-70.6148448
2141,Mr. Fish,-33.4264374,-70.6144623
2155,AbreBocas,-33.429802,-70.6125584
2174,Corner Hog's,-33.4329878,-70.61524659999999
2238,Testardos Pizza,-33.4403248,-70.6126785
2240,YOSAI SUSHI CAFÉ & SALAD,-33.4405216,-70.6127315
2254,Mubra’s restobar,-33.4401952,-70.6155297
2260,Perú Fusión,-33.4402925,-70.61554219999999
2263,Milano's Pizza - Manuel Montt,-33.4414177,-70.61513520000001
2274,La Cabaña Restaurant,-33.4414761,-70.6149159
2278,El Estribazo de Rubén,-33.44233000000001,-70.61476999999999
2283,Tamashi Oriente,-33.4424318,-70.614998
2285,CHARROS,-33.4421486,-70.61505389999999
2298,Agostina Pizzas Manuel Montt,-33.4429511,-70.6149102
2301,El Encuentro Peruano Sanguchería y Restaurante,-33.4442173,-70.6144237
2302,Mau Sushi Delivery,-33.4424967,-70.6149824
2303,Chivega,-33.4444832,-70.6143072
2334,Aldea Nativa,-33.4293881,-70.5876901
2335,Restaurante Casa China Y Sushi Bar,-33.4274797,-70.5898742
2336,Sushi MATSU,-33.4268731,-70.59064219999999
2337,La Pizzarra,-33.4314523,-70.5911084
2338,Guappo Café Bistro,-33.4309828,-70.5859962
2339,Guappo Pizzería,-33.4309237,-70.5859025
2340,Subway,-33.4265936,-70.59162309999999
2341,La Menestra,-33.4291431,-70.5925458
2342,Restorán Club Providencia,-33.4315342,-70.5918008
2343,Domino's Pizza,-33.4268879,-70.5906272
2350,Club Providencia,-33.4319301,-70.5918817
2351,Kopa Burgers,-33.435302,-70.588655
2354,Restaurant Hon Loc,-33.4352105,-70.59055189999999
2355,Franco 2x1,-33.4348941,-70.58800549999999
2356,Restaurant Wen Wha Ltda.,-33.4342246,-70.58717010000001
2357,Donde el Criollo Sangucheria Peruana,-33.435646,-70.59196899999999
2372,Xiong Chang,-33.4393704,-70.5869343
2378,"Restaurant ""Voy y Vuelvo""",-33.4441639,-70.5856726
2379,La Picá Arabe,-33.4435539,-70.5922767
2384,Tantano Casa Matriz,-33.4316736,-70.5849546
2404,Onomichi Nikkei,-33.4398856,-70.5837636
2405,Restaurant El Meson Nerudiano,-33.4300664,-70.6366591
2406,La Bodeguilla,-33.430471,-70.63639479999999
2407,Restaurante 040,-33.4319444,-70.6355556
2408,Selvado,-33.4318811,-70.6345752
2409,Peumayén Ancestral Food,-33.4328182,-70.6350162
2411,Uncle Fletch Bellavista,-33.4328962,-70.63354679999999
2412,Polvobar de Vinos,-33.4322404,-70.6347413
2414,Ootoya Noodles House,-33.4328962,-70.6347588
2415,El Palacio De La Chorrillana,-33.4320285,-70.6358017
2416,Restaurant Viva La Vida,-33.4323756,-70.6349718
2417,Como Agua para Chocolate,-33.4334908,-70.6348038
2418,Omerta Pizzeria,-33.4325808,-70.6349943
2419,Venezia,-33.4322464,-70.6361421
2420,Jardín Mallinkrodt,-33.4323863,-70.63374379999999
2421,Venice Fries,-33.4324183,-70.6336498
2422,Galindo,-33.4331256,-70.6349692
2423,Chingana 160,-33.432591,-70.63356279999999
2424,Restaurant Cola'E Flecha,-33.4312243,-70.6352565
2425,La Piccola Italia,-33.432022,-70.634074
2426,Restaurant Ootoya,-33.4328962,-70.6347588
2427,T.G.I. Fridays,-33.4332723,-70.63458469999999
2428,La Vaquita Sabrosa,-33.432063,-70.63751999999999
2429,Mogi's Restaurante,-33.4312232,-70.6352249
2430,Todo's a Chicken,-33.4330894,-70.63605740000001
2431,Como Agua Para Chocolate,-33.4333892,-70.63477639999999
2432,Azul Profundo,-33.4330556,-70.6347222
2433,Zocca Pizza & Pasta,-33.4333375,-70.6351188
2434,Don Simon Restaurant,-33.4311639,-70.63604359999999
2435,Il Siciliano,-33.4331666,-70.63468779999999
2436,Morena Restobar,-33.4331597,-70.6337994
2437,sol de mancora bellavista,-33.433185,-70.633793
2438,Divina Esquina RestoBar,-33.430556,-70.637125
2439,Kinetic Bar,-33.4325,-70.6347222
2461,Jardín Mallinkrodt 022,-33.4331727,-70.6352443
2462,Restaurant Puerto Bellavista,-33.4338207,-70.63560149999999
2463,Kechua Bellavista,-33.4336233,-70.63475339999999
2469,Restaurant Kminos,-33.4327385,-70.6347916
2473,Malambo Restaurant,-33.432348,-70.634749
2474,Dolores,-33.432747,-70.634805
2475,A la Parrilla Restaurante,-33.4322568,-70.63340479999999
2476,Sociedad Gastronomica Sibaritas,-33.4322276,-70.6337145
2478,Amorio,-33.4324849,-70.6347863
2479,Fukai Sushi,-33.4339256,-70.63529199999999
2480,Restaurante Rosita,-33.4338817,-70.63550739999999
2481,Camino Al Cerro,-33.432975,-70.63583079999999
2482,Charly Dog,-33.4346984,-70.6354458
2483,Vendetta,-33.4341698,-70.6344606
2485,Celtika Restaurant,-33.43408,-70.634619
2486,Tambo Perú,-33.4340824,-70.6349974
2487,Domino's Pizza,-33.4343752,-70.6345228
2505,Panko,-33.4341698,-70.6344606
2512,Taco Bell,-33.434577,-70.63547489999999
2513,Caminito Grill,-33.4338731,-70.6346978
2514,Cosmopolitan,-33.4341698,-70.6344606
2516,Mosai Cafe Patio Bellavista,-33.4343462,-70.6351547
2519,Zekkei,-33.433747,-70.6331881
2522,Le Fournil,-33.4339993,-70.63491599999999
2528,Riko Patio De Restaurant,-33.4342514,-70.635093
2531,Restaurante Cienfuegos Ltda,-33.4336646,-70.63455619999999
2534,Subway Pio Nono,-33.4344145,-70.6355544
2538,The Pizza Factory - Patio Bellavista,-33.4340831,-70.6355729
2541,Restaurante Blasco,-33.4376798,-70.6341879
2544,Fuente Alemana,-33.4376529,-70.63594639999999
2546,La Hacienda Gaucha,-33.438556,-70.63531159999999
2549,La Terraza,-33.4386787,-70.63457489999999
2550,Bierstube,-33.4369812,-70.63758849999999
2551,Amadeus Pizza,-33.4386892,-70.6321324
2559,AkiGo Sushi,-33.4379362,-70.6367405
2564,La Bella Italia,-33.4374734,-70.6356562
2565,"""Angelo/s""",-33.4364959,-70.6310392
2573,Papachecos,-33.4369762,-70.63562279999999
2574,Casa de Cena,-33.4388889,-70.63444439999999
2576,Restaurant Japón,-33.4402029,-70.6350731
2578,Restaurante Eugenia,-33.4406434,-70.63273629999999
2587,La Casa Del Chef,-33.4417653,-70.6331153
2590,Sushi Face,-33.4398582,-70.6328659
2591,BURGER STREET 049,-33.4403993,-70.63274749999999
2593,Restaurant Junta⭐Nacional,-33.4409972,-70.6326493
2594,Quinto Cheers Bar Restaurante,-33.4414055,-70.6311869
2596,Nao Restaurant,-33.4420671,-70.6341039
2597,Zenwich,-33.4425029,-70.6356658
2598,Maestro Criollo,-33.4416835,-70.63370619999999
2599,Siraj Cocina Árabe,-33.438905,-70.6337491
2600,Irreverente,-33.4404445,-70.6351179
2606,Oki Suchi Lounge y del Ivery,-33.4343927,-70.5822927
2617,El Fogon Restaurante,-33.4324037,-70.629919
2618,Capellán 8,-33.4322786,-70.62998189999999
2626,Casa Capellán,-33.4326054,-70.63013479999999
2630,Jazmin de Jade,-33.432825,-70.63065829999999
2635,Tlayolli,-33.4327291,-70.6302019
2640,Lumberjack's Grill,-33.4328389,-70.6302194
2645,Yamaki Sushi - Bellavista,-33.4323254,-70.62994979999999
2739,Cafe Vincent,-33.439203,-70.6302156
2743,El Templo Del Inka,-33.4383333,-70.6302778
2744,Restaurant Mendo's (Providencia),-33.44065,-70.6298941
2745,Restaurant La Maquina Ltda.,-33.4397385,-70.630312
2746,Delitopics Plaza Italia,-33.436821,-70.632723
2747,Pollo Loco,-33.4403343,-70.6299106
2759,Xin Fung,-33.4409155,-70.6298
2762,Daawat grill comida hindu,-33.44114,-70.6296092
2766,Indian Garden,-33.4405739,-70.6327541
2772,El Barcelona,-33.438225,-70.63038000000002
2775,PATACÓN,-33.4415509,-70.6332197
2781,Escuela de Gastronomía Peruana Yanuy Kuyay,-33.4419465,-70.6326565
2782,Casa del Chef,-33.44279849999999,-70.6338672
2786,Dalai Lomo,-33.4411037,-70.6326091
2795,Taquería TH - Chile,-33.441551,-70.63414899999999
2812,"Restaurant Chino ""Tien Tan""",-33.4454782,-70.63252609999999
2814,Bar Gran Refugio,-33.4419101,-70.63243779999999
2815,Pollo A Las Brasas,-33.4456253,-70.6325531
2818,Top sushi,-33.4457251,-70.63300679999999
2819,Pizzas Benvenutto,-33.4450333,-70.63272329999999
2821,Restaurant Casa Juancho,-33.4471609,-70.6325868
2823,Albahaca,-33.4469162,-70.6296591
2827,Saki,-33.4470792,-70.63452430000001
2828,Restaurante Sandwicheria Comida al Paso Delivery ECHE GOURMET,-33.4477289,-70.6323616
2829,Plaza Victoria - Café Restobar,-33.4471279,-70.6312416
2831,PEYUCO,-33.4471795,-70.6314838
2837,Malasaña,-33.449152,-70.63285399999999
2839,Restaurant Amalur Centro Vasco,-33.4481132,-70.63207509999999
2841,Malaquiaz Pizza,-33.449757,-70.6299465
2842,Peru Andino,-33.4471821,-70.62975089999999
2843,Mantecado - Original Ice Cream -,-33.4488117,-70.6315269
2844,Melt Pizzas,-33.4476661,-70.63540279999999
2845,Buffalo Waffles,-33.4476661,-70.63540279999999
2846,Homemade Food La Pacá by Doña Vica,-33.4202404,-70.6313749
2877,Restaurante Olivas,-33.4323931,-70.6297203
2896,Mancora,-33.4356407,-70.6297295
2902,Caos Restaurant,-33.435984,-70.63022839999999
2909,La Rueda,-33.4361626,-70.6308707
2965,Ricachá Restaurante,-33.4411082,-70.6302824
2978,Mar de Copas,-33.44114,-70.6296092
2985,Calaos Cantina,-33.4415579,-70.6296418
3005,Munich,-33.4472214,-70.6320613
3019,Bar Restaurant La Casona,-33.4472534,-70.63009269999999
3023,Kao Bogati Fast Food,-33.44702850000001,-70.63006849999999
3039,restaurant amalur santiago,-33.4479414,-70.63217639999999
3041,Guo shun,-33.4494745,-70.63142169999999
3058,Guang Yen,-33.4516352,-70.63074279999999
3068,restobar entrenosotros,-33.4285582,-70.6254941
3069,Lima17,-33.4286519,-70.6255627
3078,Colonial Resto Bar,-33.4288818,-70.627394
3092,Restaurante Oreja & Rabo,-33.430925,-70.62766599999999
3217,Ace Burger,-33.4420986,-70.62737749999999
3219,Donde La Mami,-33.4422128,-70.6276677
3313,Pepperland Bar,-33.4469648,-70.6278411
3321,Cantuta foods,-33.4467637,-70.6268613
3388,Avila Gourmet Bellavista,-33.4289877,-70.6258763
3395,restaurant/comida china,-33.4369634,-70.6009739
3396,The Mocha,-33.4371284,-70.60220369999999
3403,KōBō Sushi Providencia,-33.4412807,-70.5998925
3404,El Sazón gourmet,-33.44178770000001,-70.59942029999999
3405,Kin Sushi,-33.44178770000001,-70.59942029999999
3406,EL RINCON DE JUANITO,-33.4416032,-70.59887639999999
3409,Mercado Diego de Almagro,-33.441749,-70.59915169999999
3414,Restaurante Gostosura,-33.443328,-70.5995101
3416,Bendita Comida,-33.4417397,-70.5993002
3437,Boki Restaurant & Bar,-33.4190822,-70.5964249
3442,Tomate Palta Mayo Tobalaba,-33.4211685,-70.59811689999999
3443,QUIMEY SUSHI FUSION & GLUTEN FREE,-33.4171461,-70.59652269999999
3448,Domenica - Comida para Llevar,-33.4207722,-70.5987136
3449,La Cocina de Napoleon,-33.417753,-70.59726359999999
3450,PizzaPizza,-33.4193382,-70.5995854
3453,sakae sushi,-33.4186696,-70.5995702
3456,Fuente Chilena - Local El Golf,-33.4171176,-70.59832
3474,Fuente Mardoqueo,-33.4363889,-70.5961111
3490,Restaurant Wan He,-33.4412396,-70.5961372
3500,Run Hong,-33.4428192,-70.5965592
3509,Gennaros Restaurante,-33.444619,-70.59790989999999
3510,Sabro Pizza Sabro Sandwich,-33.44178770000001,-70.59942029999999
3513,"Godzilla Sushi Providencia,LosLeones",-33.441556,-70.59970899999999
3515,Villa China,-33.4431579,-70.5983501
3524,Flor Oriental,-33.4451916,-70.5975152
3535,La Chacra,-33.4218049,-70.595934
3539,Barbazul Tobalaba,-33.4230957,-70.5955276
3544,ROOFTOP947 (Restaurante & Terrazas),-33.4241667,-70.5941667
3547,Fork Chile,-33.4278298,-70.5938838
3552,Curry,-33.4356946,-70.59435669999999
3553,Restaurante Cui Hua Bilbao,-33.4358435,-70.5950462
3554,Caramagnola Hernando de Aguirre,-33.435803,-70.595212
3557,ENVY-TACO,-33.4361642,-70.5947015
3558,Sol Restorant,-33.4360358,-70.5941189
3562,Gastronomica El Sol Del Inca Limitada,-33.4359211,-70.5940519
3564,Delivery Caminando,-33.4343214,-70.5965312
3570,Merkado Bilbao,-33.4361642,-70.5947015
3571,Restaurant Ming Zhu Limitada,-33.4364101,-70.5978535
3578,woh food truck,-33.4361642,-70.5947015
3579,Shawarma,-33.4363829,-70.5952094
3595,Restaurant Enjoy,-33.4429184,-70.5952717
3600,Sabor Zanelli Café Resto Bar,-33.4422314,-70.594105
3602,"Caminito, Carnes A Las Brasas",-33.4428129,-70.59418509999999
3620,La Conversería,-33.4429158,-70.5951927
3641,Ecléctico,-33.4256113,-70.5923066
3644,Docetrece schop & sandwich,-33.4257067,-70.5922082
3652,Barbazul Club,-33.4253335,-70.5926788
3668,Teke Factory - Fábrica de Tequeños,-33.4356125,-70.5936095
3702,Pisco Mar,-33.4360862,-70.5952368
3703,Casona de,-33.4360243,-70.59406059999999
3716,Tartemimi,-33.4387618,-70.5940025
3725,Riko Sushi,-33.4426672,-70.5934695
3759,Pizzería Saraiva,-33.4476629,-70.59341429999999
3762,Soichiro sushi,-33.447402,-70.59903199999999
3765,Agua Viva,-33.4255225,-70.5923705
3783,Espresso Bar,-33.4289856,-70.59265140000001
3852,Yong Hong,-33.4406557,-70.5920371
3856,Restaurant Shunping,-33.4406204,-70.59179639999999
3857,Voglia Di Pizza,-33.4426653,-70.5938554
3881,La fraternal,-33.4495629,-70.5959441
3882,Kansui,-33.4488748,-70.5912999
3883,Lian Wa Limitada,-33.448573,-70.59163319999999
3884,Punto País,-33.4490758,-70.5966191
3885,El Tío Manolo,-33.4492733,-70.5902512
3911,Estadio Providencia,-33.4317561,-70.5910993
3967,Comedor Común,-33.4140563,-70.61026199999999
3974,Crêpas,-33.4190084,-70.6087469
3977,Le Bistrot,-33.4208133,-70.60995609999999
3978,Marlon,-33.4199096,-70.6102647
3979,Mama Chau's,-33.4206084,-70.6090088
3980,Baco,-33.4207153,-70.610321
3981,La Salvación,-33.420142,-70.6105077
3982,Holm,-33.4207714,-70.60948789999999
3984,Rivoli,-33.4209654,-70.6101809
3985,Ambrosia Bistro,-33.42094670000001,-70.6104639
3986,La Cava del Sommelier,-33.4198452,-70.6092359
3987,Pampas Fuegos Argentinos,-33.4208272,-70.6104036
3988,Soler Providencia,-33.4207026,-70.6094248
3990,Subway,-33.4200349,-70.6101006
3993,Dónde Guido,-33.4205728,-70.61122
3996,Sacramento,-33.4207953,-70.61012730000002
4011,EveryDay Sushi,-33.4202636,-70.6100378
4014,Massa Pizza,-33.4222153,-70.60980860000001
4015,Niu Sushi,-33.4213947,-70.6095297
4016,Waldo's,-33.4213455,-70.6101219
4021,VegeChef Lyon,-33.421935,-70.61010499999999
4022,Mr Han's Chicken,-33.41998,-70.6099007
4024,Protobar,-33.4213267,-70.61006739999999
4026,EN TU SALSA,-33.4219306,-70.6090306
4027,Amanka'y,-33.4223305,-70.61026889999999
4029,Canto del agua,-33.4205882,-70.6111063
4036,La Resistencia Café,-33.4221073,-70.6115296
4037,AMADO 27 • BAR & COCINA,-33.4225845,-70.6115875
4049,Tigre Bravo,-33.42194490000001,-70.6112394
4052,Da Renzo,-33.4231842,-70.6108838
4061,La Pizza Nostra IL Ristorante Italiano,-33.4240806,-70.6127729
4067,Niu Sushi,-33.42400360000001,-70.610466
4078,Sociedad Gastronomica Sweet Coffee,-33.4226742,-70.61156319999999
4080,Dominó,-33.423419,-70.61085349999999
4087,Comercializadora Migas,-33.4225587,-70.61108279999999
4089,Vicius,-33.4228397,-70.6122611
4122,Schopdog,-33.4237362,-70.61236240000001
4128,Restaurant Musume,-33.4239812,-70.6112416
4139,D´Sabores,-33.4235695,-70.61245959999999
4146,Lomits,-33.4238595,-70.61281819999999
4161,Café Voila,-33.4258464,-70.6130513
4170,Restaurant Los Reyes,-33.42504,-70.6127223
4179,Senz Sushi Y Nikkei,-33.4242266,-70.611722
4191,Telepizza,-33.424486,-70.61221879999999
4192,Al Jazeera Restaurant,-33.4242149,-70.6102655
4193,Subway Marchant Pereira,-33.4268005,-70.61276269999999
4218,MAMMATERRA,-33.4290239,-70.6102377
4242,Administradora de Restaurant y Centro de Eventos Pamaos,-33.4327203,-70.6118764
4281,Hogar De Sabores,-33.4398719,-70.6131855
4290,Nori Sushi Providencia,-33.4396806,-70.6126433
4291,Todoryco,-33.4398256,-70.6134156
4298,Tenton,-33.4398548,-70.6124733
4334,Pachas Restaurant,-33.4476279,-70.6110484
4353,La Sanguchera Del Barrio,-33.4178073,-70.60780629999999
4361,La Burguesía,-33.4203949,-70.60956569999999
4363,PISO UNO,-33.4204354,-70.61015949999999
4376,Barra Norte,-33.4195706,-70.60789989999999
4383,PanaFood,-33.4197396,-70.6078728
4384,Ramen Ryoma Providencia,-33.4200815,-70.6083223
4386,Fries and Bites,-33.420428,-70.607827
4387,Sushi Arashi Delivery,-33.4189931,-70.60746739999999
4406,Giratorio,-33.4217357,-70.6085854
4407,Eladio,-33.4216794,-70.6085533
4412,Burgerdog,-33.4206154,-70.60980669999999
4413,Rincón Magdalena,-33.4211142,-70.6091788
4421,La Clasica,-33.4209373,-70.6106334
4430,Burger King®,-33.4211139,-70.60907659999999
4433,Donde La Tía Sonia,-33.4214434,-70.60958880000001
4435,Deleite,-33.4209954,-70.6093771
4437,Café Terraza,-33.4213685,-70.60878939999999
4438,Yokono Lyon,-33.4214478,-70.6095291
4445,Palta York,-33.4226476,-70.6077408
4484,Juan Maestro,-33.422306,-70.609835
4485,Wonton Restaurant China House,-33.4232094,-70.60811699999999
4487,Elkika Ilmenau,-33.4240371,-70.61067849999999
4489,Cevichazo,-33.4222552,-70.6098336
4495,KFC,-33.4218679,-70.60893709999999
4504,pollo taquilla,-33.4200815,-70.6083223
4536,Park Lane (Santiago Park Plaza),-33.4237624,-70.6094568
4540,Subway Lyon,-33.4235501,-70.6088199
4541,MC piccola,-33.4231842,-70.6108838
4554,La Piccola Italia,-33.4231225,-70.60801649999999
4555,Perú Gustoso,-33.4224241,-70.6134163
4556,Oh Salad,-33.4233731,-70.60902159999999
4557,restaurant MAMMUT,-33.4240395,-70.610691
4559,Sushi House Providencia,-33.4243374,-70.6108545
4561,Pizza Hut,-33.4236864,-70.61064770000002
4566,Migas Sandwich Salad,-33.4228461,-70.6091857
4594,Restaurant Tung Fong,-33.4250737,-70.6108941
4595,Rincon de la Abuelita,-33.4252028,-70.6109178
4626,Sopería El Cilantro,-33.4314474,-70.6093324
4693,Sinatra's Restaurant & coffee,-33.4157076,-70.60496449999999
4712,Barra Chalaca Providencia,-33.4178955,-70.60753249999999
4739,Siraj,-33.41943699999999,-70.60667149999999
4749,Enzo Restaurantes Spa,-33.4176826,-70.6082521
4751,Frutos Gourmet,-33.4178073,-70.60780629999999
4778,Sushi Royal,-33.4210977,-70.6069588
4779,Yokono,-33.4199854,-70.60677629999999
4783,KFC,-33.4204971,-70.608232
4803,L'Incontro - Trattoria - Caffe,-33.4198549,-70.60727199999999
4823,Restaurant Sabores de Mita,-33.4213684,-70.60728069999999
4834,Los Cheveres Restaurant,-33.4217824,-70.60741209999999
4845,Pastelitos Pipo,-33.4213096,-70.606695
4859,Fuente Colonial,-33.4217305,-70.6087059
4863,La Toscana,-33.4215626,-70.60897249999999
4867,Roclo S,-33.421516,-70.6094294
4874,Pistacho,-33.4236532,-70.60848279999999
4884,Peztoro,-33.4239845,-70.61010739999999
4911,Restaurante Los Arcos - Hotel Torremayor Lyon,-33.4246532,-70.6085192
4925,Buffalo Waffles,-33.422629,-70.6078297
4987,Buena Comida,-33.4392838,-70.60800689999999
4999,Comercializadora Llanka,-33.4395461,-70.6083957
5029,Take a Wok,-33.4180707,-70.60601509999999
5041,"Pedro, Juan & Diego",-33.418036,-70.60641199999999
5051,Tony Roma's,-33.417752,-70.6058975
5065,Chili's Costanera Center,-33.4178044,-70.6057971
5124,Casino Caracol,-33.4194379,-70.6066374
5143,Club 30,-33.4219386,-70.60514669999999
5172,Café del Alma,-33.4238796,-70.6056203
